,season,holiday,workingday,weather,temp,atemp,humidity,windspeed,casual,registered,count
count,10886.0,10886.0,10886.0,10886.0,10886.0,10886.0,10886.0,10886.0,10886.0,10886.0,10886.0
mean,2.5066139996325556,0.02856880396839978,0.6808745177291935,1.418427337865148,20.230859819952173,23.65508405291192,61.88645967297446,12.799395406945093,36.02195480433584,155.5521771082124,191.57413191254824
std,1.1161743093442644,0.16659885062471985,0.4661591687997421,0.6338385858190921,7.791589843987506,8.474600626484888,19.245033277394786,8.16453732683849,49.9604765726498,151.0390330819246,181.14445383028496
min,1.0,0.0,0.0,1.0,0.82,0.76,0.0,0.0,0.0,0.0,1.0
25%,2.0,0.0,0.0,1.0,13.94,16.665,47.0,7.0015,4.0,36.0,42.0
50%,3.0,0.0,1.0,1.0,20.5,24.24,62.0,12.998,17.0,118.0,145.0
75%,4.0,0.0,1.0,2.0,26.24,31.06,77.0,16.9979,49.0,222.0,284.0
max,4.0,1.0,1.0,4.0,41.0,45.455,100.0,56.9969,367.0,886.0,977.0
